{
  "equipment_age": 0.2569946404686211,
  "compressor_runtime": 0.19700443961263267,
  "power_consumption": 0.07444183995738002,
  "cooling_efficiency": 0.14663506211743058,
  "ambient_temp": 0.09389483608334977,
  "maintenance_interval": 0.0942156363655055,
  "discharge_temp": 0.13681354539508028
}